{"Origin":{"x":101003.3176,"y":77880.4333},"RoadNetwork":{"EdgeProperties":{},"EdgeValues":{"AI_w2k_h":[692.353271484375,723.8121337890625,743.246826171875],"AI_w5km":[0.8965697884559631,0.8965697884559631,0.8965697884559631]},"Edges":[[0,1],[1,2],[2,3]],"VertexProperties":{},"VertexValues":{},"Vertices":[0.0,1.9268000000010943,7.8228000000090105,1.752200000002631,31.246200000008685,1.2293999999965308,86.32100000001083,0.0]},"Type":"RoadNetwork"}