{"Origin":{"x":101003.3176,"y":77880.4333},"RoadNetwork":{"EdgeProperties":{},"EdgeValues":{"AI_w2k_h":[692.353271484375,723.812133789062,743.246826171875],"AI_w5km":[0.896569788455963,0.896569788455963,0.896569788455963]},"Edges":[[0,1],[1,2],[2,3]],"VertexProperties":{},"VertexValues":{},"Vertices":[0.0,1.92680000000109,7.82280000000901,1.75220000000263,31.2462000000087,1.22939999999653,86.3210000000108,0.0]},"Type":"RoadNetwork"}