 {
   "id": 1,
    "Footprint": [
      {
        "x": -14755.1412069717,
        "y": 12292.9767350682
      },
      {
        "x": -14754.0622069717,
        "y": 12292.9767350682
      },
      {
        "x": -14754.0622069717,
        "y": 12294.0557350682
      },
      {
        "x": -14755.1412069717,
        "y": 12294.0557350682
      }
    ],
    "Height": 9.52864062435536
    }
